ticket_id,predicted_queue,confidence,needs_human
T-20001,billing,0.8555,False
T-20002,product-question,0.9514,False
T-20003,returns-warranty,0.8339,False
T-20004,billing,0.8067,False
T-20005,shipping,0.9135,False
T-20006,returns-warranty,0.6661,True
T-20007,returns-warranty,0.9347,False
T-20008,product-question,0.6322,True
T-20009,billing,0.8061,False
T-20010,billing,0.8427,False
T-20011,shipping,0.8338,False
T-20012,billing,0.5769,True
T-20013,returns-warranty,0.4741,True
T-20014,billing,0.7461,False
T-20015,account-access,0.5178,True
T-20016,billing,0.9066,False
T-20017,shipping,0.8953,False
T-20018,account-access,0.7734,False
T-20019,returns-warranty,0.9096,False
T-20020,returns-warranty,0.9274,False
T-20021,returns-warranty,0.8471,False
T-20022,shipping,0.6154,True
T-20023,account-access,0.9058,False
T-20024,billing,0.9549,False
T-20025,billing,0.9343,False
T-20026,returns-warranty,0.841,False
T-20027,account-access,0.5019,True
T-20028,billing,0.8837,False
T-20029,shipping,0.7894,False
T-20030,billing,0.9434,False
T-20031,product-question,0.8003,False
T-20032,billing,0.7569,False
T-20033,account-access,0.851,False
T-20034,billing,0.9594,False
T-20035,shipping,0.9463,False
T-20036,billing,0.8475,False
T-20037,billing,0.9351,False
T-20038,account-access,0.5167,True
T-20039,account-access,0.8941,False
T-20040,returns-warranty,0.6764,True
T-20041,shipping,0.8129,False
T-20042,account-access,0.7619,False
T-20043,returns-warranty,0.9279,False
T-20044,product-question,0.936,False
T-20045,shipping,0.8928,False
T-20046,shipping,0.5988,True
T-20047,shipping,0.8649,False
T-20048,product-question,0.7707,False
T-20049,returns-warranty,0.891,False
T-20050,billing,0.8568,False
T-20051,shipping,0.7672,False
T-20052,billing,0.588,True
T-20053,returns-warranty,0.9511,False
T-20054,shipping,0.8284,False
T-20055,billing,0.916,False
T-20056,shipping,0.9426,False
T-20057,product-question,0.6296,True
T-20058,product-question,0.7434,False
T-20059,billing,0.5467,True
T-20060,billing,0.7347,False
T-20061,account-access,0.7437,False
T-20062,billing,0.7504,False
T-20063,product-question,0.8824,False
T-20064,returns-warranty,0.8969,False
T-20065,product-question,0.9612,False
T-20066,returns-warranty,0.9444,False
T-20067,account-access,0.9464,False
T-20068,shipping,0.8074,False
T-20069,account-access,0.5474,True
T-20070,billing,0.896,False
T-20071,billing,0.7724,False
T-20072,shipping,0.9054,False
T-20073,shipping,0.859,False
T-20074,returns-warranty,0.9052,False
T-20075,shipping,0.7832,False
T-20076,account-access,0.9633,False
T-20077,billing,0.8363,False
T-20078,shipping,0.8768,False
T-20079,account-access,0.9294,False
T-20080,billing,0.832,False
T-20081,shipping,0.9332,False
T-20082,billing,0.931,False
T-20083,returns-warranty,0.2233,True
T-20084,shipping,0.8533,False
T-20085,billing,0.8872,False
T-20086,billing,0.9804,False
T-20087,billing,0.9584,False
T-20088,shipping,0.9297,False
T-20089,returns-warranty,0.9042,False
T-20090,account-access,0.9589,False
T-20091,returns-warranty,0.7823,False
T-20092,product-question,0.7628,False
T-20093,shipping,0.8721,False
T-20094,product-question,0.8975,False
T-20095,billing,0.9276,False
T-20096,billing,0.9739,False
T-20097,product-question,0.9053,False
T-20098,shipping,0.6815,True
T-20099,product-question,0.6463,True
T-20100,returns-warranty,0.8018,False
T-20101,product-question,0.8018,False
T-20102,account-access,0.9223,False
T-20103,returns-warranty,0.8447,False
T-20104,billing,0.656,True
T-20105,product-question,0.8048,False
T-20106,billing,0.917,False
T-20107,billing,0.9612,False
T-20108,product-question,0.867,False
T-20109,billing,0.8152,False
T-20110,shipping,0.9128,False
T-20111,account-access,0.621,True
T-20112,billing,0.8504,False
T-20113,shipping,0.8866,False
T-20114,shipping,0.937,False
T-20115,returns-warranty,0.7375,False
T-20116,shipping,0.9625,False
T-20117,product-question,0.5993,True
T-20118,shipping,0.9243,False
T-20119,returns-warranty,0.8246,False
T-20120,billing,0.958,False
T-20121,account-access,0.8904,False
T-20122,account-access,0.4981,True
T-20123,shipping,0.8155,False
T-20124,returns-warranty,0.8998,False
T-20125,returns-warranty,0.8663,False
T-20126,account-access,0.943,False
T-20127,product-question,0.2759,True
T-20128,product-question,0.8534,False
T-20129,shipping,0.8921,False
T-20130,returns-warranty,0.9271,False
T-20131,returns-warranty,0.8343,False
T-20132,billing,0.8983,False
T-20133,shipping,0.9193,False
T-20134,returns-warranty,0.8217,False
T-20135,product-question,0.9434,False
T-20136,billing,0.8918,False
T-20137,returns-warranty,0.811,False
T-20138,product-question,0.7872,False
T-20139,returns-warranty,0.6607,True
T-20140,shipping,0.9231,False
T-20141,shipping,0.8827,False
T-20142,product-question,0.9386,False
T-20143,product-question,0.6327,True
T-20144,shipping,0.8727,False
T-20145,account-access,0.916,False
T-20146,returns-warranty,0.7195,False
T-20147,returns-warranty,0.8552,False
T-20148,shipping,0.8404,False
T-20149,shipping,0.9095,False
T-20150,product-question,0.9381,False
T-20151,shipping,0.8665,False
T-20152,returns-warranty,0.7554,False
T-20153,shipping,0.7006,False
T-20154,billing,0.9358,False
T-20155,product-question,0.8057,False
T-20156,shipping,0.8212,False
T-20157,shipping,0.919,False
T-20158,returns-warranty,0.8234,False
T-20159,shipping,0.5521,True
T-20160,shipping,0.5258,True
T-20161,returns-warranty,0.6041,True
T-20162,billing,0.943,False
T-20163,account-access,0.8733,False
T-20164,billing,0.916,False
T-20165,billing,0.8727,False
T-20166,shipping,0.7815,False
T-20167,shipping,0.7765,False
T-20168,returns-warranty,0.8268,False
T-20169,product-question,0.92,False
T-20170,billing,0.7624,False
T-20171,account-access,0.8055,False
T-20172,returns-warranty,0.8477,False
T-20173,returns-warranty,0.9625,False
T-20174,shipping,0.6373,True
T-20175,returns-warranty,0.763,False
T-20176,returns-warranty,0.9116,False
T-20177,product-question,0.625,True
T-20178,product-question,0.9074,False
T-20179,billing,0.5397,True
T-20180,product-question,0.9226,False
T-20181,billing,0.8485,False
T-20182,shipping,0.6944,True
T-20183,billing,0.5903,True
T-20184,returns-warranty,0.9425,False
T-20185,shipping,0.928,False
T-20186,returns-warranty,0.7422,False
T-20187,billing,0.8977,False
T-20188,product-question,0.7133,False
T-20189,returns-warranty,0.801,False
T-20190,billing,0.9608,False
T-20191,billing,0.833,False
T-20192,returns-warranty,0.7406,False
T-20193,returns-warranty,0.9008,False
T-20194,product-question,0.5018,True
T-20195,shipping,0.8669,False
T-20196,returns-warranty,0.8644,False
T-20197,shipping,0.8938,False
T-20198,product-question,0.4993,True
T-20199,billing,0.9423,False
T-20200,billing,0.8156,False
T-20201,account-access,0.576,True
T-20202,product-question,0.9037,False
T-20203,product-question,0.8126,False
T-20204,account-access,0.9164,False
T-20205,account-access,0.6102,True
T-20206,shipping,0.8043,False
T-20207,returns-warranty,0.8823,False
T-20208,shipping,0.9298,False
T-20209,billing,0.4981,True
T-20210,billing,0.4176,True
T-20211,shipping,0.8064,False
T-20212,shipping,0.9217,False
T-20213,billing,0.938,False
T-20214,account-access,0.8571,False
T-20215,shipping,0.7759,False
T-20216,returns-warranty,0.917,False
T-20217,billing,0.754,False
T-20218,billing,0.925,False
T-20219,account-access,0.8201,False
T-20220,billing,0.7131,False
T-20221,shipping,0.952,False
T-20222,returns-warranty,0.7584,False
T-20223,shipping,0.7447,False
T-20224,product-question,0.8796,False
T-20225,shipping,0.7772,False
T-20226,returns-warranty,0.9373,False
T-20227,returns-warranty,0.8493,False
T-20228,returns-warranty,0.6235,True
T-20229,account-access,0.8929,False
T-20230,product-question,0.8661,False
T-20231,shipping,0.93,False
T-20232,product-question,0.9436,False
T-20233,shipping,0.8501,False
T-20234,shipping,0.8347,False
T-20235,shipping,0.8981,False
T-20236,product-question,0.6725,True
T-20237,returns-warranty,0.8993,False
T-20238,shipping,0.8787,False
T-20239,returns-warranty,0.805,False
T-20240,shipping,0.752,False
T-20241,returns-warranty,0.9332,False
T-20242,shipping,0.8827,False
T-20243,returns-warranty,0.9908,False
T-20244,billing,0.7364,False
T-20245,shipping,0.895,False
T-20246,product-question,0.8229,False
T-20247,product-question,0.9147,False
T-20248,account-access,0.4628,True
T-20249,returns-warranty,0.7463,False
T-20250,returns-warranty,0.8929,False
T-20251,returns-warranty,0.7384,False
T-20252,returns-warranty,0.781,False
T-20253,returns-warranty,0.6695,True
T-20254,product-question,0.9323,False
T-20255,account-access,0.9613,False
T-20256,shipping,0.7032,False
T-20257,product-question,0.838,False
T-20258,billing,0.8402,False
T-20259,shipping,0.7758,False
T-20260,product-question,0.921,False
T-20261,shipping,0.9093,False
T-20262,returns-warranty,0.8405,False
T-20263,product-question,0.5166,True
T-20264,product-question,0.8656,False
T-20265,returns-warranty,0.8494,False
T-20266,returns-warranty,0.548,True
T-20267,account-access,0.7671,False
T-20268,shipping,0.9072,False
T-20269,returns-warranty,0.9547,False
T-20270,returns-warranty,0.8971,False
T-20271,returns-warranty,0.9054,False
T-20272,product-question,0.8464,False
T-20273,returns-warranty,0.9508,False
T-20274,product-question,0.7761,False
T-20275,shipping,0.9192,False
T-20276,shipping,0.9211,False
T-20277,returns-warranty,0.7409,False
T-20278,returns-warranty,0.8085,False
T-20279,billing,0.4817,True
T-20280,account-access,0.9321,False
T-20281,billing,0.6753,True
T-20282,account-access,0.3739,True
T-20283,product-question,0.9277,False
T-20284,returns-warranty,0.5436,True
T-20285,shipping,0.5319,True
T-20286,account-access,0.8512,False
T-20287,account-access,0.7183,False
T-20288,account-access,0.7741,False
T-20289,billing,0.5439,True
T-20290,billing,0.8851,False
T-20291,product-question,0.6862,True
T-20292,shipping,0.9038,False
T-20293,returns-warranty,0.9072,False
T-20294,billing,0.9323,False
T-20295,billing,0.809,False
T-20296,returns-warranty,0.9334,False
T-20297,returns-warranty,0.8034,False
T-20298,shipping,0.8978,False
T-20299,returns-warranty,0.7353,False
T-20300,billing,0.4975,True
T-20301,billing,0.8821,False
T-20302,shipping,0.7639,False
T-20303,returns-warranty,0.9099,False
T-20304,product-question,0.8766,False
T-20305,shipping,0.7646,False
T-20306,account-access,0.9526,False
T-20307,product-question,0.7928,False
T-20308,returns-warranty,0.7102,False
T-20309,account-access,0.5156,True
T-20310,product-question,0.9389,False
T-20311,shipping,0.6912,True
T-20312,product-question,0.7998,False
T-20313,billing,0.8405,False
T-20314,returns-warranty,0.7904,False
T-20315,shipping,0.9023,False
T-20316,account-access,0.8741,False
T-20317,shipping,0.8788,False
T-20318,shipping,0.8797,False
T-20319,returns-warranty,0.9581,False
T-20320,returns-warranty,0.7901,False
T-20321,shipping,0.9186,False
T-20322,billing,0.6726,True
T-20323,product-question,0.8878,False
T-20324,shipping,0.9179,False
T-20325,account-access,0.9612,False
T-20326,shipping,0.9386,False
T-20327,shipping,0.3834,True
T-20328,product-question,0.961,False
T-20329,account-access,0.6933,True
T-20330,shipping,0.7874,False
T-20331,product-question,0.9045,False
T-20332,product-question,0.6587,True
T-20333,account-access,0.8953,False
T-20334,product-question,0.7286,False
T-20335,returns-warranty,0.8957,False
T-20336,product-question,0.9657,False
T-20337,billing,0.9401,False
T-20338,billing,0.5203,True
T-20339,account-access,0.9219,False
T-20340,billing,0.7675,False
T-20341,product-question,0.8944,False
T-20342,account-access,0.9135,False
T-20343,product-question,0.8045,False
T-20344,returns-warranty,0.9406,False
T-20345,returns-warranty,0.6334,True
T-20346,returns-warranty,0.4598,True
T-20347,shipping,0.7966,False
T-20348,billing,0.8246,False
T-20349,shipping,0.8538,False
T-20350,account-access,0.2963,True
T-20351,billing,0.8953,False
T-20352,shipping,0.8683,False
T-20353,billing,0.9171,False
T-20354,returns-warranty,0.9416,False
T-20355,billing,0.8373,False
T-20356,billing,0.4421,True
T-20357,shipping,0.9271,False
T-20358,returns-warranty,0.6891,True
T-20359,shipping,0.9603,False
T-20360,shipping,0.5734,True
T-20361,shipping,0.7416,False
T-20362,billing,0.9278,False
T-20363,returns-warranty,0.9348,False
T-20364,account-access,0.7689,False
T-20365,shipping,0.9068,False
T-20366,product-question,0.9099,False
T-20367,product-question,0.8923,False
T-20368,returns-warranty,0.5297,True
T-20369,shipping,0.8455,False
T-20370,billing,0.9691,False
T-20371,shipping,0.9376,False
T-20372,account-access,0.8489,False
T-20373,billing,0.8704,False
T-20374,returns-warranty,0.487,True
T-20375,returns-warranty,0.6998,True
T-20376,returns-warranty,0.9274,False
T-20377,product-question,0.9015,False
T-20378,billing,0.3718,True
T-20379,billing,0.6381,True
T-20380,shipping,0.5932,True
T-20381,billing,0.743,False
T-20382,returns-warranty,0.7452,False
T-20383,shipping,0.851,False
T-20384,billing,0.8442,False
T-20385,account-access,0.9449,False
T-20386,account-access,0.8951,False
T-20387,product-question,0.8593,False
T-20388,returns-warranty,0.9336,False
T-20389,returns-warranty,0.8341,False
T-20390,billing,0.9534,False
T-20391,returns-warranty,0.7318,False
T-20392,product-question,0.9206,False
T-20393,account-access,0.9316,False
T-20394,shipping,0.7911,False
T-20395,returns-warranty,0.5616,True
T-20396,account-access,0.8501,False
T-20397,product-question,0.9163,False
T-20398,account-access,0.8604,False
T-20399,returns-warranty,0.8031,False
T-20400,shipping,0.9678,False
